laptop_ID,Price_in_euros
209,1385.3994
1281,294.0504083333333
1168,393.3726666666667
1231,984.8814595238094
1020,1125.2997000000003
379,460.1369
553,835.2003
172,1011.7593833333335
779,1424.0475714285715
609,310.0714166666667
256,2416.784999999999
117,1429.5525515151503
283,517.7659
1195,1472.845
588,729.4605
743,642.3084
715,2689.5236999999997
160,1401.2090545454546
1021,1806.8985999999998
49,622.9358000000003
690,1443.7248000000002
1135,264.9890500000001
852,679.5699
857,1415.8249000000003
210,474.4097999999999
485,692.0515333333334
560,516.4192999999999
1209,524.2246666666666
953,2361.722766666666
460,1101.8618446694968
1092,2199.190233333333
152,426.9078857142857
806,772.4877850000001
986,3009.9751999999994
917,1960.4862999999996
408,1998.572716810967
942,629.2872666666663
959,1362.9143
461,903.8770875457876
858,1415.708391346154
329,487.7368
1293,811.215
1284,554.9014999999996
628,1213.88276
262,1133.297777777777
933,1098.405013968254
676,1023.2746333333332
608,705.4129791666668
125,734.5736250000002
450,431.65335000000005
67,1701.9627714285714
93,720.9255267647059
769,1188.7465555555555
1070,713.4289875
1162,1754.9483666666667
594,1851.8617
288,607.7467
273,890.7452000000001
355,1024.9775000000002
717,569.0996250000001
18,2815.961400000002
804,2104.174
60,415.4341666666667
186,1991.0193000000002
298,1558.9574333333333
864,1345.8492999999999
1026,1000.2857000000005
240,1396.8845714285717
875,1853.9028000000003
276,2236.1468
939,623.1295000000006
436,376.025
702,1033.1341636904763
938,1682.2645666666663
558,979.9682399422801
527,1184.0453666666667
624,1321.4468199999997
1128,1532.9453303030302
844,1548.9587
811,1386.8412289141415
129,784.3513
994,1238.9875285714284
445,2610.8167000000003
1051,1672.2769999999998
937,1469.9659999999997
1073,2068.4981809523792
382,654.087
765,978.8177700980397
159,702.2298
998,935.0330666666667
696,570.925475
90,1948.92
1082,989.6008863636364
913,3353.2181000000005
252,2538.227833333332
1183,1630.669033333333
589,950.9784000000001
962,520.5070999999998
989,1131.6520416666674
361,965.7452000000001
849,1856.9476428571413
1067,758.7441875
1,1445.1594714285714
380,945.8008
344,346.9460000000004
683,1744.1501809523813
405,1910.0275000000004
602,560.9585000000001
1296,388.9
782,1104.0033333333333
91,1467.4900681818183
1122,746.3932285714285
251,627.0306000000002
218,693.5028
941,1105.5133061904767
533,682.5429999999999
1258,556.5375
1059,1597.2751150000001
905,1883.5546000000002
220,1207.7710333333337
230,934.7099156862744
1319,751.951
265,1053.65
906,1623.46
880,1884.9647999999997
733,555.1132
1004,1524.1073999999996
866,938.3367954978354
80,632.5342999999999
1278,912.2283
744,1590.1647999999998
1010,1559.447923831724
351,1610.72
524,2290.7742000000003
573,811.3059
208,2486.902299999999
799,1338.0484
97,1515.3876000000007
375,1651.0430999999999
1076,608.3920666666663
189,1358.4577444444442
225,774.5470016666669
1084,1164.2538636363636
1029,981.4131333333336
1248,1679.7896000000003
73,1207.7710333333337
1178,1761.9827000000002
659,953.0669
87,1453.5023
474,894.0385857142858
1111,719.0144666666665
56,774.3556642124546
816,605.3504999999999
1077,1233.1642999999995
348,827.3424117647061
664,832.5097675457877
536,1339.3082000000002
248,1026.3995553968252
3,786.7460799999999
170,370.1391428571429
555,450.47829999999993
612,2025.8581
1239,1167.5635952380956
981,789.8898999999999
487,988.9827454822956
404,1062.3044476190482
1031,2686.457283333334
1314,219.923
320,853.6749542124543
729,984.1603
1107,1419.5648749999998
314,448.74469999999997
1273,424.81474285714285
1270,669.0273785714287
693,2397.7772333333323
1205,621.6946
911,1036.1127000000001
272,496.88179999999994
532,1103.646432142857
1102,1272.6009666666666
1182,702.2922041666668
839,5014.3352
529,1143.9366588888888
863,868.3951333333333
772,1308.7425952380952
1221,1969.6230000000003
759,572.9891
1194,636.3961
821,1422.1523033189033
497,919.6283
100,671.9040000000002
1204,1851.8021
1071,574.9773
1202,762.2207000000001
881,582.2687000000002
919,322.25718666666666
968,1297.9459333333332
299,994.6418154761901
632,752.5194500000002
36,296.0124
193,1053.65
1274,2129.0776
481,1201.1813285714286
143,730.9298000000001
999,675.9863666666668
383,550.8910000000001
1075,1930.0192000000004
168,370.1391428571429
515,1616.8968636363634
662,388.2016000000001
1150,1298.6793000000005
108,811.3493000000001
997,545.5730702380953
103,942.8953212121212
308,588.2431999999999
975,1596.6208833333335
872,1085.094721212121
1170,578.1067883333334
425,653.2215999999999
179,586.053
217,431.1539666666667
803,1308.4248636363636
1148,1258.3473199999996
814,1369.0898000000002
774,982.8192
908,1097.0033333333333
1006,291.31276666666685
1247,1198.2990285714288
707,722.0389000000001
1230,1774.3225809523813
381,479.2950999999998
882,468.45050000000003
708,1024.04425
502,1184.5066000000004
1169,393.04
550,953.0669
1096,2981.9290999999994
24,948.835
784,1149.4373
556,1314.4961166666671
807,1945.931
1245,575.5179666666664
751,1189.4383363636364
1039,1341.8197
1176,988.4272461904762
797,2469.377933333333
830,1167.3041
865,995.2543416666667
313,908.5880228758173
1217,1828.3106779220782
1046,1405.3660549999997
1253,486.1653
931,1766.5974445887448
232,955.9301459460147
1174,1766.5974445887448
969,2427.2427833333313
548,619.2069
164,453.13
1047,1293.1717516666668
77,1068.605733333333
652,424.19070000000033
554,477.4809285714284
512,1228.1631458333331
1127,494.43300000000005
1131,2325.555973333332
785,2626.7181833333334
140,1354.2245666666663
1225,357.07289999999995
922,2090.09
479,1471.6861999999999
544,642.8340000000001
841,590.0717000000001
478,1024.0127
1155,1500.1295500000006
113,1679.1133999999997
284,748.0500750000001
415,489.1669
735,879.3730999999997
604,1125.3241316391943
33,442.38212500000003
177,638.9023087121212
363,1054.0134
888,1260.3147922619041
530,556.89
150,428.3691166666667
62,1034.1844666666666
1212,1015.3606500000001
752,1996.1080000000002
851,3192.706099999998
1097,409.0383866666667
84,1004.5266262820513
1042,1356.4129438492062
605,1477.9530714285713
668,1006.6175096153846
1066,1186.1872285714285
1237,1659.0619666666666
1259,1354.7451833333337
198,857.5438
617,3083.447699999999
420,887.85575
1267,1719.6600545454546
11,550.7074000000001
800,297.95683333333335
829,456.435
368,819.0181
1164,1572.708466666666
809,2014.092899999998
1255,654.4064583333334
793,2000.3169714285714
1142,1465.292366666667
47,450.5796000000001
1264,822.9399999999998
428,488.1861666666667
1308,471.9158999999999
374,824.4912335714289
301,1021.4935490196079
767,2509.012638571428
1009,1234.9535458333332
82,994.5411666666666
280,703.9013999999999
940,1608.8408833333335
1172,1019.7821355555556
1157,1214.8868452380955
1238,992.5220999999997
315,1318.72
583,2008.7133999999996
704,1983.078
649,683.7165000000001
897,465.33125
1064,2713.970933333334
147,420.1818000000001
274,1013.3835654761897
1087,1604.8077333333329
1193,881.4491
1045,538.0878
433,968.0876000000001
68,472.05956666666657
1141,409.0383866666667
777,1506.3355574855702
72,1190.1941
900,451.0467
419,507.6639
577,2011.9849999999985
656,1537.704
249,1945.931
713,832.8679478571427
1272,390.7399216666667
300,1108.8368
457,650.76464
268,623.0826666666662
122,1261.9612096153846
531,1024.0628000000002
399,551.785
109,459.22549999999995
971,593.2743
310,310.42330000000055
692,1607.7485666666666
392,750.1698999999999
812,956.38181
794,1974.6586666666676
950,525.4964357142858
173,692.9304
892,810.3978499999998
1143,914.5114285714285
665,1243.928866666668
776,1636.6557666666665
868,1580.9930827380956
658,3353.2181000000005
1023,982.7085000000001
495,1875.33
885,1789.6403714285711
1220,1509.5054
332,550.7769999999999
192,1423.1495848484838
429,1379.6849799999995
1079,2000.174966666667
846,638.9023087121212
561,925.0529750000001
330,672.3436999999999
158,668.3539999999999
127,420.6508
38,1043.5852
1032,1296.5533333333335
1201,435.88540000000006
646,1820.0936666666666
679,1019.3867545454548
820,2095.74742077922
948,892.8086
483,1830.0548999999999
1017,972.6596
421,1278.207091346154
